"cap_int_pfk";"cam_info_adici_consumo";"int_tsu_cd"
"172954";"Nenhum Outro Uso";"Subterrânea"
"172955";"Consumo Humano";"Subterrânea"
"172956";"Nenhum Outro Uso";"Subterrânea"
"172957";"Nenhum Outro Uso";"Subterrânea"
"172958";"Nenhum Outro Uso";"Subterrânea"
"172959";"Nenhum Outro Uso";"Subterrânea"
"172960";"Nenhum Outro Uso";"Subterrânea"
"172961";"Consumo Humano";"Subterrânea"
"172962";"Consumo Humano";"Subterrânea"
"172963";"Nenhum Outro Uso";"Subterrânea"
"172964";"Nenhum Outro Uso";"Subterrânea"
"172965";"Consumo Humano";"Subterrânea"
"172966";"Nenhum Outro Uso";"Subterrânea"
"172967";"Nenhum Outro Uso";"Subterrânea"
"172968";"Nenhum Outro Uso";"Subterrânea"
"172969";"Nenhum Outro Uso";"Subterrânea"
"172970";"Nenhum Outro Uso";"Subterrânea"
"172971";"Nenhum Outro Uso";"Subterrânea"
"172972";"Nenhum Outro Uso";"Subterrânea"
"172973";"Consumo Humano";"Subterrânea"
"172974";"Consumo Humano";"Subterrânea"
"172975";"Nenhum Outro Uso";"Subterrânea"
"172976";"Consumo Humano";"Subterrânea"
"172977";"Consumo Humano";"Subterrânea"
"172978";"Nenhum Outro Uso";"Subterrânea"
"172979";"Consumo Humano";"Subterrânea"
"172980";"Nenhum Outro Uso";"Subterrânea"
"172981";"Consumo Humano/Pecuária";"Subterrânea"
"172982";"Consumo Humano/Pecuária";"Subterrânea"
"172983";"Consumo Humano/Pecuária";"Subterrânea"
"172984";"Consumo Humano/Pecuária";"Subterrânea"
"172985";"Consumo Humano";"Subterrânea"
"172986";"Consumo Humano";"Subterrânea"
"172987";"Consumo Humano/Pecuária";"Subterrânea"
"172988";"Consumo Humano";"Subterrânea"
"172989";"Consumo Humano";"Subterrânea"
"172990";"Consumo Humano";"Subterrânea"
"172991";"Pecuária";"Subterrânea"
"172992";"Pecuária";"Subterrânea"
"172993";"Nenhum Outro Uso";"Subterrânea"
"172994";"Nenhum Outro Uso";"Subterrânea"
"172995";"Pecuária";"Subterrânea"
"172996";"Pecuária";"Subterrânea"
"172997";"Nenhum Outro Uso";"Subterrânea"
"172998";"Pecuária";"Subterrânea"
"172999";"Nenhum Outro Uso";"Subterrânea"
"173000";"Nenhum Outro Uso";"Subterrânea"
"173001";"Nenhum Outro Uso";"Subterrânea"
"173002";"Nenhum Outro Uso";"Subterrânea"
"173003";"Consumo Humano/Nenhum Outro Uso";"Subterrânea"
"173004";"Nenhum Outro Uso";"Subterrânea"
"173005";"Nenhum Outro Uso";"Subterrânea"
"173006";"Nenhum Outro Uso";"Subterrânea"
"173007";"Nenhum Outro Uso";"Subterrânea"
"173008";"Nenhum Outro Uso";"Subterrânea"
"173009";"Nenhum Outro Uso";"Subterrânea"
"173010";"Nenhum Outro Uso";"Subterrânea"
"173011";"Nenhum Outro Uso";"Subterrânea"
"173012";"Nenhum Outro Uso";"Subterrânea"
"173013";"Nenhum Outro Uso";"Subterrânea"
"173014";"Consumo Humano";"Subterrânea"
"173015";"Nenhum Outro Uso";"Subterrânea"
"173016";"Nenhum Outro Uso";"Subterrânea"
"173017";"Nenhum Outro Uso";"Subterrânea"
"173018";"Nenhum Outro Uso";"Subterrânea"
"173019";"Nenhum Outro Uso";"Subterrânea"
"173020";"Nenhum Outro Uso";"Subterrânea"
"173021";"Nenhum Outro Uso";"Subterrânea"
"173022";"Nenhum Outro Uso";"Subterrânea"
"173023";"Consumo Humano";"Subterrânea"
"173024";"Consumo Humano/Pecuária";"Subterrânea"
"173025";"Consumo Humano/Pecuária";"Subterrânea"
"173026";"Consumo Humano/Pecuária";"Subterrânea"
"173027";"Consumo Humano/Pecuária";"Subterrânea"
"173028";"Consumo Humano/Pecuária";"Subterrânea"
"173029";"Consumo Humano";"Subterrânea"
"173030";"Consumo Humano/Pecuária";"Subterrânea"
"173031";"Consumo Humano/Pecuária";"Subterrânea"
"173032";"Consumo Humano";"Subterrânea"
"173033";"Consumo Humano";"Subterrânea"
"173034";"Consumo Humano/Pecuária";"Subterrânea"
"173035";"Consumo Humano/Pecuária";"Subterrânea"
"173036";"Nenhum Outro Uso";"Subterrânea"
"173037";"Consumo Humano";"Subterrânea"
"173038";"Nenhum Outro Uso";"Subterrânea"
"173039";"Pecuária";"Subterrânea"
"173040";"Pecuária";"Subterrânea"
"173041";"Nenhum Outro Uso";"Subterrânea"
"173042";"Nenhum Outro Uso";"Subterrânea"
"173043";"Nenhum Outro Uso";"Subterrânea"
"173044";"Consumo Humano/Nenhum Outro Uso";"Subterrânea"
"173045";"Consumo Humano/Nenhum Outro Uso";"Subterrânea"
"173046";"Nenhum Outro Uso";"Subterrânea"
"173047";"Pecuária";"Subterrânea"
"173048";"Nenhum Outro Uso";"Subterrânea"
"173049";"Nenhum Outro Uso";"Subterrânea"
"173050";"Nenhum Outro Uso";"Subterrânea"
"173051";"Nenhum Outro Uso";"Subterrânea"
"173052";"Nenhum Outro Uso";"Subterrânea"
"173053";"Nenhum Outro Uso";"Subterrânea"
"173054";"Nenhum Outro Uso";"Subterrânea"
"173055";"Nenhum Outro Uso";"Subterrânea"
"173056";"Nenhum Outro Uso";"Subterrânea"
"173057";"Nenhum Outro Uso";"Subterrânea"
"173058";"Nenhum Outro Uso";"Subterrânea"
"173059";"Nenhum Outro Uso";"Subterrânea"
"173060";"Consumo Humano";"Subterrânea"
"173061";"Nenhum Outro Uso";"Subterrânea"
"173062";"Nenhum Outro Uso";"Subterrânea"
"173063";"Consumo Humano";"Subterrânea"
"173064";"Consumo Humano";"Subterrânea"
"173065";"Consumo Humano";"Subterrânea"
"173066";"Nenhum Outro Uso";"Subterrânea"
"173067";"Nenhum Outro Uso";"Subterrânea"
"173068";"Nenhum Outro Uso";"Subterrânea"
"173069";"Nenhum Outro Uso";"Subterrânea"
"173070";"Nenhum Outro Uso";"Subterrânea"
"173071";"Nenhum Outro Uso";"Subterrânea"
"173072";"Nenhum Outro Uso";"Subterrânea"
"173073";"Nenhum Outro Uso";"Subterrânea"
"173074";"Nenhum Outro Uso";"Subterrânea"
"173075";"Pecuária";"Subterrânea"
"173076";"Nenhum Outro Uso";"Subterrânea"
"173077";"Pecuária";"Subterrânea"
"173078";"Pecuária";"Subterrânea"
"173079";"Pecuária";"Subterrânea"
"173080";"Pecuária";"Subterrânea"
"173081";"Pecuária";"Subterrânea"
"173082";"Nenhum Outro Uso";"Subterrânea"
"173083";"Pecuária";"Subterrânea"
"173084";"Pecuária";"Subterrânea"
"173085";"Pecuária";"Subterrânea"
"173086";"Nenhum Outro Uso";"Subterrânea"
"173087";"Nenhum Outro Uso";"Subterrânea"
"173088";"Nenhum Outro Uso";"Subterrânea"
"173089";"Nenhum Outro Uso";"Subterrânea"
"173090";"Nenhum Outro Uso";"Subterrânea"
"173091";"Pecuária";"Subterrânea"
"173092";"Pecuária";"Subterrânea"
"173093";"Pecuária";"Subterrânea"
"173094";"Nenhum Outro Uso";"Subterrânea"
"173095";"Pecuária";"Subterrânea"
"173096";"Pecuária";"Subterrânea"
"173097";"Pecuária";"Subterrânea"
"173098";"Nenhum Outro Uso";"Subterrânea"
"173099";"Nenhum Outro Uso";"Subterrânea"
"173100";"Nenhum Outro Uso";"Subterrânea"
"173101";"Nenhum Outro Uso";"Subterrânea"
"173102";"Nenhum Outro Uso";"Subterrânea"
"173103";"Nenhum Outro Uso";"Subterrânea"
"173104";"Nenhum Outro Uso";"Subterrânea"
"173105";"Nenhum Outro Uso";"Subterrânea"
"173106";"Nenhum Outro Uso";"Subterrânea"
"173107";"Nenhum Outro Uso";"Subterrânea"
"173108";"Pecuária";"Subterrânea"
"173109";"Pecuária";"Subterrânea"
"173110";"Nenhum Outro Uso";"Subterrânea"
"173111";"Consumo Humano";"Subterrânea"
"173112";"Nenhum Outro Uso";"Subterrânea"
"173113";"Nenhum Outro Uso";"Subterrânea"
"173114";"Nenhum Outro Uso";"Subterrânea"
"173115";"Nenhum Outro Uso";"Subterrânea"
"173116";"Nenhum Outro Uso";"Subterrânea"
"173117";"Nenhum Outro Uso";"Subterrânea"
"173118";"Nenhum Outro Uso";"Subterrânea"
"173119";"Nenhum Outro Uso";"Subterrânea"
"173120";"Nenhum Outro Uso";"Subterrânea"
"173121";"Nenhum Outro Uso";"Subterrânea"
"173122";"Nenhum Outro Uso";"Subterrânea"
"173123";"Nenhum Outro Uso";"Subterrânea"
"173124";"Nenhum Outro Uso";"Subterrânea"
"173125";"Nenhum Outro Uso";"Subterrânea"
"173126";"Nenhum Outro Uso";"Subterrânea"
"173127";"Consumo Humano";"Subterrânea"
"173128";"Consumo Humano";"Subterrânea"
"173129";"Consumo Humano";"Subterrânea"
"173130";"Consumo Humano";"Subterrânea"
"173131";"Nenhum Outro Uso";"Subterrânea"
"173132";"Nenhum Outro Uso";"Subterrânea"
"173133";"Nenhum Outro Uso";"Subterrânea"
"173134";"Nenhum Outro Uso";"Subterrânea"
"173135";"Nenhum Outro Uso";"Subterrânea"
"173136";"Nenhum Outro Uso";"Subterrânea"
"173137";"Consumo Humano/Nenhum Outro Uso";"Subterrânea"
"173138";"Consumo Humano";"Subterrânea"
"173139";"Nenhum Outro Uso";"Subterrânea"
"173140";"Nenhum Outro Uso";"Subterrânea"
"173141";"Nenhum Outro Uso";"Subterrânea"
"173142";"Nenhum Outro Uso";"Subterrânea"
"173143";"Nenhum Outro Uso";"Subterrânea"
"173144";"Nenhum Outro Uso";"Subterrânea"
"173145";"Nenhum Outro Uso";"Subterrânea"
"173146";"Nenhum Outro Uso";"Subterrânea"
"173147";"Consumo Humano";"Subterrânea"
"173148";"Consumo Humano";"Subterrânea"
"173149";"Consumo Humano";"Subterrânea"
"173150";"Consumo Humano";"Subterrânea"
"173151";"Consumo Humano";"Subterrânea"
"173152";"Consumo Humano";"Subterrânea"
"173153";"Consumo Humano";"Subterrânea"
"173154";"Consumo Humano/Pecuária";"Subterrânea"
"173155";"Pecuária";"Subterrânea"
"173156";"Pecuária";"Subterrânea"
"173157";"Pecuária";"Subterrânea"
"173158";"Consumo Humano/Pecuária";"Subterrânea"
"173159";"Pecuária";"Subterrânea"
"173160";"Nenhum Outro Uso";"Subterrânea"
"173161";"Nenhum Outro Uso";"Subterrânea"
"173162";"Nenhum Outro Uso";"Subterrânea"
"173163";"Pecuária";"Subterrânea"
"173164";"Pecuária";"Subterrânea"
"173165";"Consumo Humano";"Subterrânea"
"173166";"Nenhum Outro Uso";"Subterrânea"
"173167";"Pecuária";"Subterrânea"
"173168";"Pecuária";"Subterrânea"
"173169";"Nenhum Outro Uso";"Subterrânea"
"173170";"Consumo Humano";"Subterrânea"
"173171";"Pecuária";"Subterrânea"
"173172";"Pecuária";"Subterrânea"
"173173";"Nenhum Outro Uso";"Subterrânea"
"173174";"Nenhum Outro Uso";"Subterrânea"
"173175";"Nenhum Outro Uso";"Subterrânea"
"173176";"Nenhum Outro Uso";"Subterrânea"
"173177";"Nenhum Outro Uso";"Subterrânea"
"173178";"Nenhum Outro Uso";"Subterrânea"
"173179";"Nenhum Outro Uso";"Subterrânea"
"173180";"Nenhum Outro Uso";"Subterrânea"
"173181";"Nenhum Outro Uso";"Subterrânea"
"173182";"Pecuária";"Subterrânea"
"173183";"Nenhum Outro Uso";"Subterrânea"
"173184";"Nenhum Outro Uso";"Subterrânea"
"173185";"Nenhum Outro Uso";"Subterrânea"
"173186";"Nenhum Outro Uso";"Subterrânea"
"173187";"Consumo Humano";"Subterrânea"
"173188";"Consumo Humano/Pecuária";"Subterrânea"
"173189";"Pecuária";"Subterrânea"
"173190";"Consumo Humano/Pecuária";"Subterrânea"
"173191";"Consumo Humano";"Subterrânea"
"173192";"Consumo Humano/Pecuária";"Subterrânea"
"173193";"Consumo Humano/Pecuária";"Subterrânea"
"173194";"Consumo Humano/Pecuária";"Subterrânea"
"173195";"Consumo Humano/Pecuária";"Subterrânea"
"173196";"Consumo Humano";"Subterrânea"
"173197";"Pecuária";"Subterrânea"
"173198";"Consumo Humano";"Subterrânea"
"173199";"Pecuária";"Subterrânea"
"173200";"Pecuária";"Subterrânea"
"173201";"Consumo Humano";"Subterrânea"
"173202";"Consumo Humano";"Subterrânea"
"173203";"Pecuária";"Subterrânea"
"173204";"Consumo Humano/Pecuária";"Subterrânea"
"173205";"Nenhum Outro Uso";"Subterrânea"
"173206";"Nenhum Outro Uso";"Subterrânea"
"173207";"Consumo Humano";"Subterrânea"
"173208";"Pecuária";"Subterrânea"
"173209";"Consumo Humano";"Subterrânea"
"173210";"Pecuária";"Subterrânea"
"173211";"Nenhum Outro Uso";"Subterrânea"
"173212";"Nenhum Outro Uso";"Subterrânea"
"173213";"Nenhum Outro Uso";"Subterrânea"
"173214";"Nenhum Outro Uso";"Subterrânea"
"173215";"Pecuária";"Subterrânea"
"173216";"Nenhum Outro Uso";"Subterrânea"
"173217";"Consumo Humano";"Subterrânea"
"173218";"Nenhum Outro Uso";"Subterrânea"
"173219";"Nenhum Outro Uso";"Subterrânea"
"173220";"Nenhum Outro Uso";"Subterrânea"
"173221";"Nenhum Outro Uso";"Subterrânea"
"173222";"Nenhum Outro Uso";"Subterrânea"
"173223";"Nenhum Outro Uso";"Subterrânea"
"173224";"Nenhum Outro Uso";"Subterrânea"
"173225";"Nenhum Outro Uso";"Subterrânea"
"173226";"Nenhum Outro Uso";"Subterrânea"
"173227";"Nenhum Outro Uso";"Subterrânea"
"173228";"Nenhum Outro Uso";"Subterrânea"
"173229";"Consumo Humano";"Subterrânea"
"173230";"Consumo Humano";"Subterrânea"
"173231";"Consumo Humano";"Subterrânea"
"173232";"Consumo Humano/Pecuária";"Subterrânea"
"173233";"Nenhum Outro Uso";"Subterrânea"
"173234";"Consumo Humano/Pecuária";"Subterrânea"
"173235";"Nenhum Outro Uso";"Subterrânea"
"173236";"Nenhum Outro Uso";"Subterrânea"
"173237";"Nenhum Outro Uso";"Subterrânea"
"173238";"Pecuária";"Subterrânea"
"173239";"Nenhum Outro Uso";"Subterrânea"
"173240";"Nenhum Outro Uso";"Subterrânea"
"173241";"Nenhum Outro Uso";"Subterrânea"
"173242";"Nenhum Outro Uso";"Subterrânea"
"173243";"Nenhum Outro Uso";"Subterrânea"
"173244";"Pecuária";"Subterrânea"
"173245";"Pecuária";"Subterrânea"
"173246";"Nenhum Outro Uso";"Subterrânea"
"173247";"Nenhum Outro Uso";"Subterrânea"
"173248";"Nenhum Outro Uso";"Subterrânea"
"173249";"Nenhum Outro Uso";"Subterrânea"
"173250";"Nenhum Outro Uso";"Subterrânea"
"173251";"Nenhum Outro Uso";"Subterrânea"
"173252";"Nenhum Outro Uso";"Subterrânea"
"173253";"Consumo Humano";"Subterrânea"
"173254";"Consumo Humano/Pecuária";"Subterrânea"
"173255";"Nenhum Outro Uso";"Subterrânea"
"173256";"Nenhum Outro Uso";"Subterrânea"
"173257";"Nenhum Outro Uso";"Subterrânea"
"173258";"Consumo Humano/Pecuária";"Subterrânea"
"173259";"Pecuária";"Subterrânea"
"173260";"Nenhum Outro Uso";"Subterrânea"
"173261";"Nenhum Outro Uso";"Subterrânea"
"173262";"Nenhum Outro Uso";"Subterrânea"
"173263";"Nenhum Outro Uso";"Subterrânea"
"173264";"Nenhum Outro Uso";"Subterrânea"
"173265";"Nenhum Outro Uso";"Subterrânea"
"173266";"Nenhum Outro Uso";"Subterrânea"
"173267";"Nenhum Outro Uso";"Subterrânea"
"173268";"Nenhum Outro Uso";"Subterrânea"
"173269";"Nenhum Outro Uso";"Subterrânea"
"173270";"Nenhum Outro Uso";"Subterrânea"
"173271";"Consumo Humano/Pecuária";"Subterrânea"
"173272";"Consumo Humano/Pecuária";"Subterrânea"
"173273";"Consumo Humano";"Subterrânea"
"173274";"Pecuária";"Subterrânea"
"173275";"Consumo Humano";"Subterrânea"
"173276";"Consumo Humano/Pecuária";"Subterrânea"
"173277";"Consumo Humano/Pecuária";"Subterrânea"
"173278";"Consumo Humano";"Subterrânea"
"173279";"Consumo Humano";"Subterrânea"
"173280";"Pecuária";"Subterrânea"
"173281";"Consumo Humano/Pecuária";"Subterrânea"
"173282";"Consumo Humano";"Subterrânea"
"173283";"Nenhum Outro Uso";"Subterrânea"
"173284";"Nenhum Outro Uso";"Subterrânea"
"173285";"Consumo Humano";"Subterrânea"
"173286";"Nenhum Outro Uso";"Subterrânea"
"173287";"Nenhum Outro Uso";"Subterrânea"
"173288";"Nenhum Outro Uso";"Subterrânea"
"173289";"Consumo Humano";"Subterrânea"
"173290";"Consumo Humano";"Subterrânea"
"173291";"Nenhum Outro Uso";"Subterrânea"
"173292";"Nenhum Outro Uso";"Subterrânea"
"173293";"Nenhum Outro Uso";"Subterrânea"
"173294";"Nenhum Outro Uso";"Subterrânea"
"173295";"Nenhum Outro Uso";"Subterrânea"
"173296";"Nenhum Outro Uso";"Subterrânea"
"173297";"Nenhum Outro Uso";"Subterrânea"
"173298";"Nenhum Outro Uso";"Subterrânea"
"173299";"Nenhum Outro Uso";"Subterrânea"
"173300";"Pecuária";"Subterrânea"
"173301";"Consumo Humano";"Subterrânea"
"173302";"Consumo Humano";"Subterrânea"
"173303";"Consumo Humano";"Subterrânea"
"173304";"Consumo Humano";"Subterrânea"
"173305";"Consumo Humano";"Subterrânea"
"173306";"Consumo Humano";"Subterrânea"
"173307";"Consumo Humano";"Subterrânea"
"173308";"Consumo Humano";"Subterrânea"
"173309";"Consumo Humano";"Subterrânea"
"173310";"Consumo Humano";"Subterrânea"
"173311";"Consumo Humano/Pecuária";"Subterrânea"
"173312";"Nenhum Outro Uso";"Subterrânea"
"173313";"Nenhum Outro Uso";"Subterrânea"
"173314";"Nenhum Outro Uso";"Subterrânea"
"173315";"Nenhum Outro Uso";"Subterrânea"
"173316";"Nenhum Outro Uso";"Subterrânea"
"173317";"Nenhum Outro Uso";"Subterrânea"
"173318";"Nenhum Outro Uso";"Subterrânea"
"173319";"Nenhum Outro Uso";"Subterrânea"
"173320";"Pecuária";"Subterrânea"
"173321";"Nenhum Outro Uso";"Subterrânea"
"173322";"Pecuária";"Subterrânea"
"173323";"Nenhum Outro Uso";"Subterrânea"
"173324";"Nenhum Outro Uso";"Subterrânea"
"173325";"Nenhum Outro Uso";"Subterrânea"
"173326";"Nenhum Outro Uso";"Subterrânea"
"173327";"Consumo Humano/Pecuária";"Subterrânea"
"173328";"Nenhum Outro Uso";"Subterrânea"
"173329";"Consumo Humano/Pecuária";"Subterrânea"
"173330";"Consumo Humano/Pecuária";"Subterrânea"
"173331";"Consumo Humano";"Subterrânea"
"173332";"Consumo Humano/Pecuária";"Subterrânea"
"173333";"Consumo Humano";"Subterrânea"
"173334";"Consumo Humano";"Subterrânea"
"173335";"Consumo Humano";"Subterrânea"
"173336";"Consumo Humano";"Subterrânea"
"173337";"Consumo Humano";"Subterrânea"
"173338";"Consumo Humano";"Subterrânea"
"173339";"Nenhum Outro Uso";"Subterrânea"
"173340";"Nenhum Outro Uso";"Subterrânea"
"173341";"Nenhum Outro Uso";"Subterrânea"
"173342";"Consumo Humano";"Subterrânea"
"173343";"Pecuária";"Subterrânea"
"173344";"Consumo Humano";"Subterrânea"
"173345";"Consumo Humano";"Subterrânea"
"173346";"Nenhum Outro Uso";"Subterrânea"
"173347";"Nenhum Outro Uso";"Subterrânea"
"173348";"Consumo Humano";"Subterrânea"
"173349";"Nenhum Outro Uso";"Subterrânea"
"173350";"Nenhum Outro Uso";"Subterrânea"
"173351";"Nenhum Outro Uso";"Subterrânea"
"173352";"Nenhum Outro Uso";"Subterrânea"
"173353";"Nenhum Outro Uso";"Subterrânea"
"173354";"Nenhum Outro Uso";"Subterrânea"
"173355";"Pecuária";"Subterrânea"
"173356";"Nenhum Outro Uso";"Subterrânea"
"173357";"Nenhum Outro Uso";"Subterrânea"
"173358";"Nenhum Outro Uso";"Subterrânea"
"173359";"Nenhum Outro Uso";"Subterrânea"
"173360";"Nenhum Outro Uso";"Subterrânea"
"173361";"Nenhum Outro Uso";"Subterrânea"
"173362";"Nenhum Outro Uso";"Subterrânea"
"173363";"Nenhum Outro Uso";"Subterrânea"
"173364";"Nenhum Outro Uso";"Subterrânea"
"173365";"Nenhum Outro Uso";"Subterrânea"
"173366";"Nenhum Outro Uso";"Subterrânea"
"173367";"Nenhum Outro Uso";"Subterrânea"
"173368";"Nenhum Outro Uso";"Subterrânea"
"173369";"Nenhum Outro Uso";"Subterrânea"
"173370";"Nenhum Outro Uso";"Subterrânea"
"173371";"Consumo Humano/Pecuária";"Subterrânea"
"173372";"Consumo Humano/Pecuária";"Subterrânea"
"173373";"Consumo Humano/Pecuária";"Subterrânea"
"173374";"Consumo Humano/Pecuária";"Subterrânea"
"173375";"Consumo Humano/Pecuária";"Subterrânea"
"173376";"Consumo Humano";"Subterrânea"
"173377";"Consumo Humano";"Subterrânea"
"173378";"Consumo Humano";"Subterrânea"
"173379";"Consumo Humano";"Subterrânea"
"173380";"Consumo Humano";"Subterrânea"
"173381";"Consumo Humano";"Subterrânea"
"173382";"Consumo Humano";"Subterrânea"
"173383";"Consumo Humano";"Subterrânea"
"173384";"Consumo Humano";"Subterrânea"
"173385";"Consumo Humano";"Subterrânea"
"173386";"Consumo Humano";"Subterrânea"
"173387";"Consumo Humano";"Subterrânea"
"173388";"Consumo Humano";"Subterrânea"
"173389";"Consumo Humano";"Subterrânea"
"173390";"Nenhum Outro Uso";"Subterrânea"
"173391";"Consumo Humano/Pecuária";"Subterrânea"
"173392";"Nenhum Outro Uso";"Subterrânea"
"173393";"Nenhum Outro Uso";"Subterrânea"
"173394";"Nenhum Outro Uso";"Subterrânea"
"173395";"Nenhum Outro Uso";"Subterrânea"
"173396";"Nenhum Outro Uso";"Subterrânea"
"173397";"Nenhum Outro Uso";"Subterrânea"
"173398";"Nenhum Outro Uso";"Subterrânea"
"173399";"Nenhum Outro Uso";"Subterrânea"
"173400";"Nenhum Outro Uso";"Subterrânea"
"173401";"Nenhum Outro Uso";"Subterrânea"
"173402";"Consumo Humano";"Subterrânea"
"173403";"Consumo Humano/Pecuária";"Subterrânea"
"173404";"Nenhum Outro Uso";"Subterrânea"
"173405";"Consumo Humano";"Subterrânea"
"173406";"Consumo Humano";"Subterrânea"
"173407";"Consumo Humano";"Subterrânea"
"173408";"Nenhum Outro Uso";"Subterrânea"
"173409";"Nenhum Outro Uso";"Subterrânea"
"173410";"Nenhum Outro Uso";"Subterrânea"
"173411";"Consumo Humano/Pecuária";"Subterrânea"
"173412";"Consumo Humano";"Subterrânea"
"173413";"Consumo Humano/Pecuária";"Subterrânea"
"173414";"Consumo Humano";"Subterrânea"
"173415";"Consumo Humano";"Subterrânea"
"173416";"Consumo Humano";"Subterrânea"
"173417";"Consumo Humano/Pecuária";"Subterrânea"
"173418";"Consumo Humano/Pecuária";"Subterrânea"
"173419";"Consumo Humano";"Subterrânea"
"173420";"Consumo Humano/Pecuária";"Subterrânea"
"173421";"Nenhum Outro Uso";"Subterrânea"
"173422";"Nenhum Outro Uso";"Subterrânea"
"173423";"Nenhum Outro Uso";"Subterrânea"
"173424";"Nenhum Outro Uso";"Subterrânea"
"173425";"Consumo Humano";"Subterrânea"
"173426";"Nenhum Outro Uso";"Subterrânea"
"173427";"Nenhum Outro Uso";"Subterrânea"
"173428";"Pecuária";"Subterrânea"
"173429";"Consumo Humano";"Subterrânea"
"173430";"Nenhum Outro Uso";"Subterrânea"
"173431";"Nenhum Outro Uso";"Subterrânea"
"173432";"Consumo Humano";"Subterrânea"
"173433";"Consumo Humano";"Subterrânea"
"173434";"Nenhum Outro Uso";"Subterrânea"
"173435";"Consumo Humano";"Subterrânea"
"173436";"Consumo Humano";"Subterrânea"
"173437";"Consumo Humano";"Subterrânea"
"173438";"Consumo Humano";"Subterrânea"
"173439";"Consumo Humano";"Subterrânea"
"173440";"Consumo Humano";"Subterrânea"
"173441";"Consumo Humano";"Subterrânea"
"173442";"Consumo Humano";"Subterrânea"
"173443";"Consumo Humano";"Subterrânea"
"173444";"Nenhum Outro Uso";"Subterrânea"
"173445";"Consumo Humano";"Subterrânea"
"173446";"Nenhum Outro Uso";"Subterrânea"
"173447";"Pecuária";"Subterrânea"
"173448";"Nenhum Outro Uso";"Subterrânea"
"173449";"Nenhum Outro Uso";"Subterrânea"
"173450";"Pecuária";"Subterrânea"
"173451";"Pecuária";"Subterrânea"
"173452";"Nenhum Outro Uso";"Subterrânea"
"173453";"Nenhum Outro Uso";"Subterrânea"
"173454";"Nenhum Outro Uso";"Subterrânea"
"173455";"Consumo Humano/Pecuária";"Subterrânea"
"173456";"Nenhum Outro Uso";"Subterrânea"
"173457";"Consumo Humano/Pecuária";"Subterrânea"
"173458";"Nenhum Outro Uso";"Subterrânea"
"173459";"Consumo Humano";"Subterrânea"
"173460";"Consumo Humano";"Subterrânea"
"173461";"Consumo Humano";"Subterrânea"
"173462";"Consumo Humano";"Subterrânea"
"173463";"Nenhum Outro Uso";"Subterrânea"
"173464";"Consumo Humano";"Subterrânea"
"173465";"Consumo Humano/Pecuária";"Subterrânea"
"173466";"Consumo Humano";"Subterrânea"
"173467";"Pecuária";"Subterrânea"
"173468";"Nenhum Outro Uso";"Subterrânea"
"173469";"Consumo Humano";"Subterrânea"
"173470";"Consumo Humano";"Subterrânea"
"173471";"Nenhum Outro Uso";"Subterrânea"
"173472";"Nenhum Outro Uso";"Subterrânea"
"173473";"Nenhum Outro Uso";"Subterrânea"
"173474";"Nenhum Outro Uso";"Subterrânea"
"173475";"Nenhum Outro Uso";"Subterrânea"
"173476";"Nenhum Outro Uso";"Subterrânea"
"173477";"Nenhum Outro Uso";"Subterrânea"
"173478";"Nenhum Outro Uso";"Subterrânea"
"173479";"Nenhum Outro Uso";"Subterrânea"
"173480";"Nenhum Outro Uso";"Subterrânea"
"173481";"Nenhum Outro Uso";"Subterrânea"
"173482";"Consumo Humano";"Subterrânea"
"173483";"Consumo Humano";"Subterrânea"
"173484";"Consumo Humano";"Subterrânea"
"173485";"Nenhum Outro Uso";"Subterrânea"
"173486";"Nenhum Outro Uso";"Subterrânea"
"173487";"Consumo Humano";"Subterrânea"
"173488";"Consumo Humano";"Subterrânea"
"173489";"Consumo Humano/Pecuária";"Subterrânea"
"173490";"Consumo Humano";"Subterrânea"
"173491";"Consumo Humano";"Subterrânea"
"173492";"Nenhum Outro Uso";"Subterrânea"
"173493";"Consumo Humano/Pecuária";"Subterrânea"
"173494";"Pecuária";"Subterrânea"
"173495";"Consumo Humano";"Subterrânea"
"173496";"Consumo Humano";"Subterrânea"
"173497";"Consumo Humano/Pecuária";"Subterrânea"
"173498";"Consumo Humano";"Subterrânea"
"173499";"Consumo Humano";"Subterrânea"
"173500";"Nenhum Outro Uso";"Subterrânea"
"173501";"Nenhum Outro Uso";"Subterrânea"
"173502";"Consumo Humano";"Subterrânea"
"173503";"Nenhum Outro Uso";"Subterrânea"
"173504";"Consumo Humano";"Subterrânea"
"173505";"Consumo Humano";"Subterrânea"
"173506";"Nenhum Outro Uso";"Subterrânea"
"173507";"Nenhum Outro Uso";"Subterrânea"
"173508";"Nenhum Outro Uso";"Subterrânea"
"173509";"Nenhum Outro Uso";"Subterrânea"
"173510";"Nenhum Outro Uso";"Subterrânea"
"173511";"Nenhum Outro Uso";"Subterrânea"
"173512";"Nenhum Outro Uso";"Subterrânea"
"173513";"Nenhum Outro Uso";"Subterrânea"
"173514";"Nenhum Outro Uso";"Subterrânea"
"173515";"Nenhum Outro Uso";"Subterrânea"
"173516";"Nenhum Outro Uso";"Subterrânea"
"173517";"Nenhum Outro Uso";"Subterrânea"
"173518";"Nenhum Outro Uso";"Subterrânea"
"173519";"Nenhum Outro Uso";"Subterrânea"
"173520";"Nenhum Outro Uso";"Subterrânea"
"173521";"Nenhum Outro Uso";"Subterrânea"
"173522";"Pecuária";"Subterrânea"
"173523";"Consumo Humano";"Subterrânea"
"173524";"Consumo Humano/Pecuária";"Subterrânea"
"173525";"Consumo Humano/Pecuária";"Subterrânea"
"173526";"Consumo Humano/Pecuária";"Subterrânea"
"173527";"Pecuária";"Subterrânea"
"173528";"Consumo Humano";"Subterrânea"
"173529";"Consumo Humano/Pecuária";"Subterrânea"
"173530";"Consumo Humano/Pecuária";"Subterrânea"
"173531";"Consumo Humano";"Subterrânea"
"173532";"Consumo Humano";"Subterrânea"
"173533";"Consumo Humano";"Subterrânea"
"173534";"Consumo Humano";"Subterrânea"
"173535";"Consumo Humano";"Subterrânea"
"173536";"Nenhum Outro Uso";"Subterrânea"
"173537";"Consumo Humano/Pecuária";"Subterrânea"
"173538";"Pecuária";"Subterrânea"
"173539";"Pecuária";"Subterrânea"
"173540";"Pecuária";"Subterrânea"
"173541";"Pecuária";"Subterrânea"
"173542";"Pecuária";"Subterrânea"
"173543";"Pecuária";"Subterrânea"
"173544";"Pecuária";"Subterrânea"
"173545";"Nenhum Outro Uso";"Subterrânea"
"173546";"Pecuária";"Subterrânea"
"173547";"Nenhum Outro Uso";"Subterrânea"
"173548";"Nenhum Outro Uso";"Subterrânea"
"173549";"Nenhum Outro Uso";"Subterrânea"
"173550";"Nenhum Outro Uso";"Subterrânea"
"173551";"Nenhum Outro Uso";"Subterrânea"
"173552";"Nenhum Outro Uso";"Subterrânea"
"173553";"Nenhum Outro Uso";"Subterrânea"
"173554";"Nenhum Outro Uso";"Subterrânea"
"173555";"Nenhum Outro Uso";"Subterrânea"
"173556";"Nenhum Outro Uso";"Subterrânea"
"173557";"Nenhum Outro Uso";"Subterrânea"
"173558";"Nenhum Outro Uso";"Subterrânea"
"173559";"Pecuária";"Subterrânea"
"173560";"Nenhum Outro Uso";"Subterrânea"
"173562";"Consumo Humano";"Subterrânea"
"173564";"Nenhum Outro Uso";"Subterrânea"
"173565";"Nenhum Outro Uso";"Subterrânea"
"173566";"Nenhum Outro Uso";"Subterrânea"
"173567";"Nenhum Outro Uso";"Subterrânea"
"173568";"Nenhum Outro Uso";"Subterrânea"
"173569";"Nenhum Outro Uso";"Subterrânea"
"173570";"Consumo Humano";"Subterrânea"
"173571";"Consumo Humano";"Subterrânea"
"173572";"Nenhum Outro Uso";"Subterrânea"
"173575";"Nenhum Outro Uso";"Subterrânea"
"173576";"Nenhum Outro Uso";"Subterrânea"
"173577";"Nenhum Outro Uso";"Subterrânea"
"173578";"Nenhum Outro Uso";"Subterrânea"
"173580";"Nenhum Outro Uso";"Subterrânea"
"173581";"Nenhum Outro Uso";"Subterrânea"
"173582";"Consumo Humano";"Subterrânea"
"173583";"Nenhum Outro Uso";"Subterrânea"
"173584";"Nenhum Outro Uso";"Subterrânea"
"173585";"Nenhum Outro Uso";"Subterrânea"
"173586";"Nenhum Outro Uso";"Subterrânea"
"173587";"Nenhum Outro Uso";"Subterrânea"
"173588";"Nenhum Outro Uso";"Subterrânea"
"173589";"Nenhum Outro Uso";"Subterrânea"
"173590";"Nenhum Outro Uso";"Subterrânea"
"173591";"Nenhum Outro Uso";"Subterrânea"
"173592";"Nenhum Outro Uso";"Subterrânea"
"173593";"Nenhum Outro Uso";"Subterrânea"
"173594";"Nenhum Outro Uso";"Subterrânea"
"173595";"Pecuária";"Subterrânea"
"173596";"Pecuária";"Subterrânea"
"173597";"Nenhum Outro Uso";"Subterrânea"
"173598";"Nenhum Outro Uso";"Subterrânea"
"173599";"Nenhum Outro Uso";"Subterrânea"
"173600";"Pecuária";"Subterrânea"
"173601";"Nenhum Outro Uso";"Subterrânea"
"173602";"Nenhum Outro Uso";"Subterrânea"
"173603";"Nenhum Outro Uso";"Subterrânea"
"173604";"Nenhum Outro Uso";"Subterrânea"
"173605";"Nenhum Outro Uso";"Subterrânea"
"173606";"Nenhum Outro Uso";"Subterrânea"
"173607";"Nenhum Outro Uso";"Subterrânea"
"173608";"Nenhum Outro Uso";"Subterrânea"
"173609";"Nenhum Outro Uso";"Subterrânea"
"173610";"Nenhum Outro Uso";"Subterrânea"
"173611";"Nenhum Outro Uso";"Subterrânea"
"173612";"Consumo Humano";"Subterrânea"
"173613";"Nenhum Outro Uso";"Subterrânea"
"173614";"Nenhum Outro Uso";"Subterrânea"
"173615";"Nenhum Outro Uso";"Subterrânea"
"173616";"Nenhum Outro Uso";"Subterrânea"
"173617";"Nenhum Outro Uso";"Subterrânea"
"173618";"Nenhum Outro Uso";"Subterrânea"
"173619";"Nenhum Outro Uso";"Subterrânea"
"173620";"Nenhum Outro Uso";"Subterrânea"
"173621";"Nenhum Outro Uso";"Subterrânea"
"173622";"Nenhum Outro Uso";"Subterrânea"
"173623";"Nenhum Outro Uso";"Subterrânea"
"173624";"Nenhum Outro Uso";"Subterrânea"
"173625";"Nenhum Outro Uso";"Subterrânea"
"173626";"Nenhum Outro Uso";"Subterrânea"
"173627";"Indústria";"Subterrânea"
"173628";"Nenhum Outro Uso";"Subterrânea"
"173629";"Nenhum Outro Uso";"Subterrânea"
"173630";"Nenhum Outro Uso";"Subterrânea"
"173631";"Nenhum Outro Uso";"Subterrânea"
"173632";"Nenhum Outro Uso";"Subterrânea"
"173633";"Nenhum Outro Uso";"Subterrânea"
"173634";"Nenhum Outro Uso";"Subterrânea"
"173635";"Pecuária/Nenhum Outro Uso";"Subterrânea"
"173636";"Nenhum Outro Uso";"Subterrânea"
"173637";"Nenhum Outro Uso";"Subterrânea"
"173638";"Nenhum Outro Uso";"Subterrânea"
"173639";"Nenhum Outro Uso";"Subterrânea"
"173640";"Nenhum Outro Uso";"Subterrânea"
"173641";"Nenhum Outro Uso";"Subterrânea"
"173642";"Nenhum Outro Uso";"Subterrânea"
"173643";"Nenhum Outro Uso";"Subterrânea"
"173644";"Nenhum Outro Uso";"Subterrânea"
"173645";"Nenhum Outro Uso";"Subterrânea"
"173646";"Nenhum Outro Uso";"Subterrânea"
"173647";"Consumo Humano/Pecuária";"Subterrânea"
"173648";"Pecuária";"Subterrânea"
"173649";"Nenhum Outro Uso";"Subterrânea"
"173650";"Nenhum Outro Uso";"Subterrânea"
"173651";"Nenhum Outro Uso";"Subterrânea"
"173652";"Nenhum Outro Uso";"Subterrânea"
"173653";"Nenhum Outro Uso";"Subterrânea"
"173654";"Nenhum Outro Uso";"Subterrânea"
"173655";"Pecuária";"Subterrânea"
"173656";"Pecuária";"Subterrânea"
"173657";"Pecuária";"Subterrânea"
"173658";"Nenhum Outro Uso";"Subterrânea"
"173659";"Nenhum Outro Uso";"Subterrânea"
"173660";"Pecuária";"Subterrânea"
"173661";"Pecuária";"Subterrânea"
"173662";"Pecuária";"Subterrânea"
"173663";"Nenhum Outro Uso";"Subterrânea"
"173664";"Nenhum Outro Uso";"Subterrânea"
"173665";"Nenhum Outro Uso";"Subterrânea"
"173666";"Nenhum Outro Uso";"Subterrânea"
"173667";"Nenhum Outro Uso";"Subterrânea"
"173668";"Nenhum Outro Uso";"Subterrânea"
"173669";"Consumo Humano";"Subterrânea"
"173670";"Nenhum Outro Uso";"Subterrânea"
"173671";"Nenhum Outro Uso";"Subterrânea"
"173672";"Pecuária";"Subterrânea"
"173673";"Pecuária";"Subterrânea"
"173674";"Pecuária";"Subterrânea"
"173675";"Pecuária";"Subterrânea"
"173676";"Nenhum Outro Uso";"Subterrânea"
"173677";"Consumo Humano";"Subterrânea"
"173678";"Indústria";"Subterrânea"
"173679";"Nenhum Outro Uso";"Subterrânea"
"173680";"Nenhum Outro Uso";"Subterrânea"
"173681";"Nenhum Outro Uso";"Subterrânea"
"173682";"Nenhum Outro Uso";"Subterrânea"
"173683";"Nenhum Outro Uso";"Subterrânea"
"173684";"Nenhum Outro Uso";"Subterrânea"
"173685";"Nenhum Outro Uso";"Subterrânea"
"173686";"Nenhum Outro Uso";"Subterrânea"
"173687";"Nenhum Outro Uso";"Subterrânea"
"173688";"Nenhum Outro Uso";"Subterrânea"
"173689";"Consumo Humano";"Subterrânea"
"173690";"Consumo Humano";"Subterrânea"
"173691";"Nenhum Outro Uso";"Subterrânea"
"173692";"Nenhum Outro Uso";"Subterrânea"
"173693";"Nenhum Outro Uso";"Subterrânea"
"173694";"Pecuária";"Subterrânea"
"173695";"Pecuária";"Subterrânea"
"173696";"Pecuária";"Subterrânea"
"173697";"Nenhum Outro Uso";"Subterrânea"
"173698";"Nenhum Outro Uso";"Subterrânea"
"173699";"Nenhum Outro Uso";"Subterrânea"
"173700";"Nenhum Outro Uso";"Subterrânea"
"173701";"Nenhum Outro Uso";"Subterrânea"
"173702";"Nenhum Outro Uso";"Subterrânea"
"173703";"Consumo Humano";"Subterrânea"
"173704";"Nenhum Outro Uso";"Subterrânea"
"173705";"Nenhum Outro Uso";"Subterrânea"
"173706";"Nenhum Outro Uso";"Subterrânea"
"173707";"Consumo Humano";"Subterrânea"
"173708";"Nenhum Outro Uso";"Subterrânea"
"173709";"Nenhum Outro Uso";"Subterrânea"
"173710";"Nenhum Outro Uso";"Subterrânea"
"173711";"Nenhum Outro Uso";"Subterrânea"
"173712";"Nenhum Outro Uso";"Subterrânea"
"173713";"Nenhum Outro Uso";"Subterrânea"
"173714";"Consumo Humano";"Subterrânea"
"173715";"Nenhum Outro Uso";"Subterrânea"
"173716";"Consumo Humano";"Subterrânea"
"173717";"Consumo Humano/Pecuária";"Subterrânea"
"173718";"Pecuária";"Subterrânea"
"173719";"Nenhum Outro Uso";"Subterrânea"
"173720";"Nenhum Outro Uso";"Subterrânea"
"173721";"Nenhum Outro Uso";"Subterrânea"
"173722";"Pecuária";"Subterrânea"
"173723";"Consumo Humano/Pecuária";"Subterrânea"
"173724";"Consumo Humano/Pecuária";"Subterrânea"
"173725";"Consumo Humano/Pecuária";"Subterrânea"
"173726";"Consumo Humano/Pecuária";"Subterrânea"
"173727";"Consumo Humano";"Subterrânea"
"173728";"Consumo Humano";"Subterrânea"
"173729";"Nenhum Outro Uso";"Subterrânea"
"173730";"Pecuária";"Subterrânea"
"173731";"Consumo Humano";"Subterrânea"
"173732";"Nenhum Outro Uso";"Subterrânea"
"173733";"Nenhum Outro Uso";"Subterrânea"
"173734";"Nenhum Outro Uso";"Subterrânea"
"173735";"Nenhum Outro Uso";"Subterrânea"
"173736";"Consumo Humano";"Subterrânea"
"173737";"Nenhum Outro Uso";"Subterrânea"
"173738";"Nenhum Outro Uso";"Subterrânea"
"173739";"Nenhum Outro Uso";"Subterrânea"
"173740";"Consumo Humano";"Subterrânea"
"173741";"Nenhum Outro Uso";"Subterrânea"
"173742";"Nenhum Outro Uso";"Subterrânea"
"173743";"Nenhum Outro Uso";"Subterrânea"
"173744";"Nenhum Outro Uso";"Subterrânea"
"173745";"Nenhum Outro Uso";"Subterrânea"
"173746";"Nenhum Outro Uso";"Subterrânea"
"173747";"Nenhum Outro Uso";"Subterrânea"
"173748";"Nenhum Outro Uso";"Subterrânea"
"173749";"Nenhum Outro Uso";"Subterrânea"
"173750";"Nenhum Outro Uso";"Subterrânea"
"173751";"Consumo Humano/Pecuária";"Subterrânea"
"173752";"Pecuária";"Subterrânea"
"173753";"Nenhum Outro Uso";"Subterrânea"
"173754";"Consumo Humano";"Subterrânea"
"173755";"Nenhum Outro Uso";"Subterrânea"
"173756";"Consumo Humano";"Subterrânea"
"173757";"Consumo Humano/Pecuária";"Subterrânea"
"173758";"Consumo Humano";"Subterrânea"
"173759";"Consumo Humano";"Subterrânea"
"173760";"Nenhum Outro Uso";"Subterrânea"
"173761";"Pecuária";"Subterrânea"
"173762";"Nenhum Outro Uso";"Subterrânea"
"173763";"Pecuária";"Subterrânea"
"173764";"Pecuária";"Subterrânea"
"173765";"Nenhum Outro Uso";"Subterrânea"
"173766";"Nenhum Outro Uso";"Subterrânea"
"173767";"Nenhum Outro Uso";"Subterrânea"
"173768";"Nenhum Outro Uso";"Subterrânea"
"173769";"Nenhum Outro Uso";"Subterrânea"
"173770";"Consumo Humano/Pecuária";"Subterrânea"
"173771";"Pecuária";"Subterrânea"
"173772";"Consumo Humano";"Subterrânea"
"173773";"Nenhum Outro Uso";"Subterrânea"
"173774";"Consumo Humano";"Subterrânea"
"173775";"Nenhum Outro Uso";"Subterrânea"
"173776";"Nenhum Outro Uso";"Subterrânea"
"173777";"Consumo Humano";"Subterrânea"
"173778";"Consumo Humano";"Subterrânea"
"173779";"Nenhum Outro Uso";"Subterrânea"
"173780";"Nenhum Outro Uso";"Subterrânea"
"173781";"Nenhum Outro Uso";"Subterrânea"
"173782";"Consumo Humano";"Subterrânea"
"173783";"Nenhum Outro Uso";"Subterrânea"
"173784";"Nenhum Outro Uso";"Subterrânea"
"173785";"Nenhum Outro Uso";"Subterrânea"
"173786";"Nenhum Outro Uso";"Subterrânea"
"173787";"Nenhum Outro Uso";"Subterrânea"
"173788";"Consumo Humano";"Subterrânea"
"173789";"Consumo Humano";"Subterrânea"
"173790";"Consumo Humano/Pecuária";"Subterrânea"
"173791";"Nenhum Outro Uso";"Subterrânea"
"173792";"Pecuária";"Subterrânea"
"173793";"Nenhum Outro Uso";"Subterrânea"
"173794";"Pecuária";"Subterrânea"
"173795";"Pecuária";"Subterrânea"
"173796";"Nenhum Outro Uso";"Subterrânea"
"173797";"Nenhum Outro Uso";"Subterrânea"
"173798";"Nenhum Outro Uso";"Subterrânea"
"173799";"Nenhum Outro Uso";"Subterrânea"
"173800";"Nenhum Outro Uso";"Subterrânea"
"173801";"Nenhum Outro Uso";"Subterrânea"
"173802";"Nenhum Outro Uso";"Subterrânea"
"173803";"Nenhum Outro Uso";"Subterrânea"
"173804";"Nenhum Outro Uso";"Subterrânea"
"173805";"Nenhum Outro Uso";"Subterrânea"
"173806";"Nenhum Outro Uso";"Subterrânea"
"173807";"Pecuária";"Subterrânea"
"173808";"Nenhum Outro Uso";"Subterrânea"
"173809";"Nenhum Outro Uso";"Subterrânea"
"173810";"Consumo Humano";"Subterrânea"
"173811";"Nenhum Outro Uso";"Subterrânea"
"173812";"Nenhum Outro Uso";"Subterrânea"
"173813";"Pecuária";"Subterrânea"
"173814";"Nenhum Outro Uso";"Subterrânea"
"173815";"Pecuária";"Subterrânea"
"173816";"Nenhum Outro Uso";"Subterrânea"
"173817";"Nenhum Outro Uso";"Subterrânea"
"173818";"Nenhum Outro Uso";"Subterrânea"
"173819";"Nenhum Outro Uso";"Subterrânea"
"173820";"Nenhum Outro Uso";"Subterrânea"
"173821";"Nenhum Outro Uso";"Subterrânea"
"173822";"Nenhum Outro Uso";"Subterrânea"
"173823";"Nenhum Outro Uso";"Subterrânea"
"173824";"Nenhum Outro Uso";"Subterrânea"
"173825";"Nenhum Outro Uso";"Subterrânea"
"173826";"Nenhum Outro Uso";"Subterrânea"
"173827";"Nenhum Outro Uso";"Subterrânea"
"173828";"Nenhum Outro Uso";"Subterrânea"
"173829";"Nenhum Outro Uso";"Subterrânea"
"173830";"Nenhum Outro Uso";"Subterrânea"
"173831";"Nenhum Outro Uso";"Subterrânea"
"173832";"Pecuária";"Subterrânea"
"173833";"Nenhum Outro Uso";"Subterrânea"
"173834";"Nenhum Outro Uso";"Subterrânea"
"173835";"Consumo Humano/Pecuária";"Subterrânea"
"173836";"Nenhum Outro Uso";"Subterrânea"
"173837";"Nenhum Outro Uso";"Subterrânea"
"173838";"Consumo Humano";"Subterrânea"
"173839";"Nenhum Outro Uso";"Subterrânea"
"173840";"Nenhum Outro Uso";"Subterrânea"
"173841";"Consumo Humano/Pecuária";"Subterrânea"
"173842";"Consumo Humano/Pecuária";"Subterrânea"
"173843";"Consumo Humano/Pecuária";"Subterrânea"
"173844";"Consumo Humano";"Subterrânea"
"173845";"Consumo Humano";"Subterrânea"
"173846";"Nenhum Outro Uso";"Subterrânea"
"173847";"Nenhum Outro Uso";"Subterrânea"
"173848";"Nenhum Outro Uso";"Subterrânea"
"173849";"Nenhum Outro Uso";"Subterrânea"
"173850";"Nenhum Outro Uso";"Subterrânea"
"173851";"Nenhum Outro Uso";"Subterrânea"
"173852";"Nenhum Outro Uso";"Subterrânea"
"173853";"Nenhum Outro Uso";"Subterrânea"
"173854";"Consumo Humano";"Subterrânea"
"173855";"Consumo Humano";"Subterrânea"
"173856";"Nenhum Outro Uso";"Subterrânea"
"173857";"Nenhum Outro Uso";"Subterrânea"
"173858";"Nenhum Outro Uso";"Subterrânea"
"173859";"Nenhum Outro Uso";"Subterrânea"
"173860";"Nenhum Outro Uso";"Subterrânea"
"173861";"Consumo Humano";"Subterrânea"
"173862";"Pecuária";"Subterrânea"
"173863";"Consumo Humano";"Subterrânea"
"173864";"Nenhum Outro Uso";"Subterrânea"
"173865";"Consumo Humano";"Subterrânea"
"173866";"Pecuária";"Subterrânea"
"173867";"Consumo Humano/Pecuária";"Subterrânea"
"173868";"Nenhum Outro Uso";"Subterrânea"
"173869";"Nenhum Outro Uso";"Subterrânea"
"173870";"Nenhum Outro Uso";"Subterrânea"
"173871";"Nenhum Outro Uso";"Subterrânea"
"173872";"Nenhum Outro Uso";"Subterrânea"
"173873";"Consumo Humano";"Subterrânea"
"173874";"Nenhum Outro Uso";"Subterrânea"
"173875";"Nenhum Outro Uso";"Subterrânea"
"173876";"Nenhum Outro Uso";"Subterrânea"
"173877";"Nenhum Outro Uso";"Subterrânea"
"173878";"Nenhum Outro Uso";"Subterrânea"
"173879";"Nenhum Outro Uso";"Subterrânea"
"173880";"Nenhum Outro Uso";"Subterrânea"
"173881";"Nenhum Outro Uso";"Subterrânea"
"173882";"Nenhum Outro Uso";"Subterrânea"
"173883";"Nenhum Outro Uso";"Subterrânea"
"173884";"Nenhum Outro Uso";"Subterrânea"
"173885";"Consumo Humano";"Subterrânea"
"173886";"Pecuária";"Subterrânea"
"173887";"Consumo Humano/Pecuária";"Subterrânea"
"173888";"Nenhum Outro Uso";"Subterrânea"
"173889";"Nenhum Outro Uso";"Subterrânea"
"173890";"Nenhum Outro Uso";"Subterrânea"
"173891";"Consumo Humano/Pecuária";"Subterrânea"
"173892";"Pecuária";"Subterrânea"
"173893";"Pecuária";"Subterrânea"
"173894";"Nenhum Outro Uso";"Subterrânea"
"173895";"Nenhum Outro Uso";"Subterrânea"
"173896";"Pecuária";"Subterrânea"
"173897";"Pecuária";"Subterrânea"
"173898";"Pecuária";"Subterrânea"
"173899";"Pecuária";"Subterrânea"
"173900";"Nenhum Outro Uso";"Subterrânea"
"173901";"Nenhum Outro Uso";"Subterrânea"
"173902";"Nenhum Outro Uso";"Subterrânea"
"173903";"Nenhum Outro Uso";"Subterrânea"
"173904";"Nenhum Outro Uso";"Subterrânea"
"173905";"Nenhum Outro Uso";"Subterrânea"
"173906";"Nenhum Outro Uso";"Subterrânea"
"173907";"Nenhum Outro Uso";"Subterrânea"
"173908";"Nenhum Outro Uso";"Subterrânea"
"173909";"Nenhum Outro Uso";"Subterrânea"
"173910";"Nenhum Outro Uso";"Subterrânea"
"173911";"Nenhum Outro Uso";"Subterrânea"
"173912";"Nenhum Outro Uso";"Subterrânea"
"173913";"Nenhum Outro Uso";"Subterrânea"
"173914";"Nenhum Outro Uso";"Subterrânea"
"173915";"Nenhum Outro Uso";"Subterrânea"
"173916";"Nenhum Outro Uso";"Subterrânea"
"173917";"Nenhum Outro Uso";"Subterrânea"
"173918";"Nenhum Outro Uso";"Subterrânea"
"173919";"Nenhum Outro Uso";"Subterrânea"
"173920";"Nenhum Outro Uso";"Subterrânea"
"173921";"Nenhum Outro Uso";"Subterrânea"
"173922";"Nenhum Outro Uso";"Subterrânea"
"173923";"Nenhum Outro Uso";"Subterrânea"
"173924";"Nenhum Outro Uso";"Subterrânea"
"173925";"Nenhum Outro Uso";"Subterrânea"
"173926";"Nenhum Outro Uso";"Subterrânea"
"173927";"Nenhum Outro Uso";"Subterrânea"
"173928";"Nenhum Outro Uso";"Subterrânea"
"173929";"Nenhum Outro Uso";"Subterrânea"
"173930";"Pecuária";"Subterrânea"
"173931";"Consumo Humano";"Subterrânea"
"173932";"Consumo Humano";"Subterrânea"
"173933";"Nenhum Outro Uso";"Subterrânea"
"173934";"Nenhum Outro Uso";"Subterrânea"
"173935";"Pecuária";"Subterrânea"
"173936";"Pecuária";"Subterrânea"
"173937";"Pecuária";"Subterrânea"
"173938";"Pecuária";"Subterrânea"
"173939";"Pecuária/Nenhum Outro Uso";"Subterrânea"
"173940";"Nenhum Outro Uso";"Subterrânea"
"173941";"Pecuária";"Subterrânea"
"173942";"Nenhum Outro Uso";"Subterrânea"
"173943";"Nenhum Outro Uso";"Subterrânea"
"173944";"Nenhum Outro Uso";"Subterrânea"
"173945";"Consumo Humano";"Subterrânea"
"173946";"Consumo Humano";"Subterrânea"
"173947";"Consumo Humano";"Subterrânea"
"173948";"Nenhum Outro Uso";"Subterrânea"
"173949";"Nenhum Outro Uso";"Subterrânea"
"173950";"Nenhum Outro Uso";"Subterrânea"
"173951";"Nenhum Outro Uso";"Subterrânea"
"173952";"Nenhum Outro Uso";"Subterrânea"
"173953";"Nenhum Outro Uso";"Subterrânea"
"173954";"Nenhum Outro Uso";"Subterrânea"
"173955";"Nenhum Outro Uso";"Subterrânea"
"173956";"Nenhum Outro Uso";"Subterrânea"
"173957";"Nenhum Outro Uso";"Subterrânea"
"173958";"Nenhum Outro Uso";"Subterrânea"
"173959";"Nenhum Outro Uso";"Subterrânea"
"173960";"Nenhum Outro Uso";"Subterrânea"
"173961";"Nenhum Outro Uso";"Subterrânea"
"173962";"Nenhum Outro Uso";"Subterrânea"
"173963";"Pecuária";"Subterrânea"
"173964";"Consumo Humano/Pecuária";"Subterrânea"
"173965";"Nenhum Outro Uso";"Subterrânea"
"173966";"Nenhum Outro Uso";"Subterrânea"
"173967";"Nenhum Outro Uso";"Subterrânea"
"173968";"Nenhum Outro Uso";"Subterrânea"
"173969";"Nenhum Outro Uso";"Subterrânea"
"173970";"Nenhum Outro Uso";"Subterrânea"
"173971";"Nenhum Outro Uso";"Subterrânea"
"173972";"Nenhum Outro Uso";"Subterrânea"
"173973";"Nenhum Outro Uso";"Subterrânea"
"173974";"Nenhum Outro Uso";"Subterrânea"
"173975";"Nenhum Outro Uso";"Subterrânea"
"173976";"Nenhum Outro Uso";"Subterrânea"
"173977";"Nenhum Outro Uso";"Subterrânea"
"173978";"Nenhum Outro Uso";"Subterrânea"
"173979";"Pecuária";"Subterrânea"
"173980";"Nenhum Outro Uso";"Subterrânea"
"173981";"Consumo Humano";"Subterrânea"
"173982";"Consumo Humano";"Subterrânea"
"173983";"Consumo Humano/Pecuária";"Subterrânea"
"173984";"Consumo Humano/Pecuária";"Subterrânea"
"173985";"Consumo Humano/Pecuária";"Subterrânea"
"173986";"Consumo Humano";"Subterrânea"
"173987";"Consumo Humano";"Subterrânea"
"173988";"Consumo Humano";"Subterrânea"
"173989";"Consumo Humano";"Subterrânea"
"173990";"Consumo Humano";"Subterrânea"
"173991";"Consumo Humano";"Subterrânea"
"173992";"Nenhum Outro Uso";"Subterrânea"
"173993";"Nenhum Outro Uso";"Subterrânea"
"173994";"Nenhum Outro Uso";"Subterrânea"
"173995";"Nenhum Outro Uso";"Subterrânea"
"173996";"Consumo Humano";"Subterrânea"
"173997";"Nenhum Outro Uso";"Subterrânea"
"173998";"Consumo Humano";"Subterrânea"
"173999";"Nenhum Outro Uso";"Subterrânea"
"174000";"Consumo Humano/Pecuária";"Subterrânea"
"174001";"Pecuária";"Subterrânea"
"174002";"Consumo Humano";"Subterrânea"
"174003";"Consumo Humano";"Subterrânea"
"174004";"Nenhum Outro Uso";"Subterrânea"
"174005";"Nenhum Outro Uso";"Subterrânea"
"174006";"Pecuária";"Subterrânea"
"174007";"Consumo Humano/Pecuária";"Subterrânea"
"174008";"Consumo Humano";"Subterrânea"
"174009";"Consumo Humano";"Subterrânea"
"174010";"Consumo Humano/Pecuária";"Subterrânea"
"174011";"Pecuária";"Subterrânea"
"174012";"Pecuária";"Subterrânea"
"174013";"Pecuária";"Subterrânea"
"174014";"Nenhum Outro Uso";"Subterrânea"
"174015";"Nenhum Outro Uso";"Subterrânea"
"174016";"Nenhum Outro Uso";"Subterrânea"
"174017";"Nenhum Outro Uso";"Subterrânea"
"174018";"Pecuária";"Subterrânea"
"174019";"Consumo Humano/Pecuária";"Subterrânea"
"174020";"Consumo Humano/Pecuária";"Subterrânea"
"174021";"Nenhum Outro Uso";"Subterrânea"
"174022";"Nenhum Outro Uso";"Subterrânea"
"174023";"Nenhum Outro Uso";"Subterrânea"
"174024";"Nenhum Outro Uso";"Subterrânea"
"174025";"Nenhum Outro Uso";"Subterrânea"
"174026";"Nenhum Outro Uso";"Subterrânea"
"174027";"Nenhum Outro Uso";"Subterrânea"
"174028";"Nenhum Outro Uso";"Subterrânea"
"174029";"Consumo Humano";"Subterrânea"
"174030";"Nenhum Outro Uso";"Subterrânea"
"174031";"Nenhum Outro Uso";"Subterrânea"
"174032";"Nenhum Outro Uso";"Subterrânea"
"174033";"Nenhum Outro Uso";"Subterrânea"
"174034";"Nenhum Outro Uso";"Subterrânea"
"174035";"Nenhum Outro Uso";"Subterrânea"
"174036";"Nenhum Outro Uso";"Subterrânea"
"174037";"Nenhum Outro Uso";"Subterrânea"
"174038";"Pecuária";"Subterrânea"
"174039";"Nenhum Outro Uso";"Subterrânea"
"174040";"Nenhum Outro Uso";"Subterrânea"
"174041";"Pecuária";"Subterrânea"
"174042";"Consumo Humano";"Subterrânea"
"174043";"Nenhum Outro Uso";"Subterrânea"
"174044";"Consumo Humano";"Subterrânea"
"174045";"Nenhum Outro Uso";"Subterrânea"
"174046";"Consumo Humano";"Subterrânea"
"174047";"Pecuária";"Subterrânea"
"174048";"Nenhum Outro Uso";"Subterrânea"
"174049";"Consumo Humano";"Subterrânea"
"174050";"Consumo Humano/Nenhum Outro Uso";"Subterrânea"
"174051";"Nenhum Outro Uso";"Subterrânea"
"174052";"Nenhum Outro Uso";"Subterrânea"
"174053";"Pecuária";"Subterrânea"
"174054";"Nenhum Outro Uso";"Subterrânea"
"174055";"Nenhum Outro Uso";"Subterrânea"
"174056";"Pecuária";"Subterrânea"
"174057";"Consumo Humano";"Subterrânea"
"174058";"Consumo Humano";"Subterrânea"
"174059";"Consumo Humano/Nenhum Outro Uso";"Subterrânea"
"174060";"Consumo Humano/Nenhum Outro Uso";"Subterrânea"
"174061";"Nenhum Outro Uso";"Subterrânea"
"174062";"Consumo Humano";"Subterrânea"
"174063";"Nenhum Outro Uso";"Subterrânea"
"174064";"Consumo Humano";"Subterrânea"
"174065";"Consumo Humano";"Subterrânea"
"174066";"Nenhum Outro Uso";"Subterrânea"
"174067";"Nenhum Outro Uso";"Subterrânea"
"174068";"Nenhum Outro Uso";"Subterrânea"
"174069";"Nenhum Outro Uso";"Subterrânea"
"174070";"Nenhum Outro Uso";"Subterrânea"
"174071";"Nenhum Outro Uso";"Subterrânea"
"174072";"Nenhum Outro Uso";"Subterrânea"
"174073";"Nenhum Outro Uso";"Subterrânea"
"174074";"Nenhum Outro Uso";"Subterrânea"
"174075";"Nenhum Outro Uso";"Subterrânea"
"174076";"Pecuária";"Subterrânea"
"174077";"Pecuária";"Subterrânea"
"174078";"Pecuária";"Subterrânea"
"174079";"Nenhum Outro Uso";"Subterrânea"
"174080";"Nenhum Outro Uso";"Subterrânea"
"174081";"Nenhum Outro Uso";"Subterrânea"
"174082";"Nenhum Outro Uso";"Subterrânea"
"174083";"Consumo Humano";"Subterrânea"
"174084";"Consumo Humano";"Subterrânea"
"174085";"Nenhum Outro Uso";"Subterrânea"
"174086";"Nenhum Outro Uso";"Subterrânea"
"174087";"Consumo Humano";"Subterrânea"
"174088";"Consumo Humano";"Subterrânea"
"174089";"Pecuária";"Subterrânea"
"174090";"Pecuária";"Subterrânea"
"174091";"Consumo Humano/Pecuária";"Subterrânea"
"174092";"Consumo Humano/Pecuária";"Subterrânea"
"174093";"Pecuária";"Subterrânea"
"174094";"Nenhum Outro Uso";"Subterrânea"
"174095";"Nenhum Outro Uso";"Subterrânea"
"174096";"Nenhum Outro Uso";"Subterrânea"
"174097";"Consumo Humano";"Subterrânea"
"174098";"Nenhum Outro Uso";"Subterrânea"
"174099";"Pecuária";"Subterrânea"
"174100";"Pecuária";"Subterrânea"
"174101";"Nenhum Outro Uso";"Subterrânea"
"174102";"Nenhum Outro Uso";"Subterrânea"
"174103";"Pecuária";"Subterrânea"
"174104";"Nenhum Outro Uso";"Subterrânea"
"174105";"Pecuária";"Subterrânea"
"174106";"Consumo Humano";"Subterrânea"
"174107";"Nenhum Outro Uso";"Subterrânea"
"174108";"Consumo Humano";"Subterrânea"
"174110";"Consumo Humano";"Subterrânea"
"174111";"Nenhum Outro Uso";"Subterrânea"
"174112";"Nenhum Outro Uso";"Subterrânea"
"174113";"Nenhum Outro Uso";"Subterrânea"
"174114";"Nenhum Outro Uso";"Subterrânea"
"174115";"Nenhum Outro Uso";"Subterrânea"
"174116";"Nenhum Outro Uso";"Subterrânea"
"174117";"Consumo Humano/Pecuária";"Subterrânea"
"174118";"Consumo Humano/Pecuária";"Subterrânea"
"174119";"Consumo Humano/Pecuária";"Subterrânea"
"174120";"Consumo Humano/Pecuária";"Subterrânea"
"174121";"Nenhum Outro Uso";"Subterrânea"
"174122";"Nenhum Outro Uso";"Subterrânea"
"174123";"Nenhum Outro Uso";"Subterrânea"
"174124";"Nenhum Outro Uso";"Subterrânea"
"174125";"Nenhum Outro Uso";"Subterrânea"
"174126";"Pecuária";"Subterrânea"
"174127";"Consumo Humano";"Subterrânea"
"174128";"Nenhum Outro Uso";"Subterrânea"
"174129";"Consumo Humano";"Subterrânea"
"174130";"Pecuária";"Subterrânea"
"174131";"Consumo Humano";"Subterrânea"
"174132";"Consumo Humano";"Subterrânea"
"174133";"Pecuária";"Subterrânea"
"174134";"Consumo Humano";"Subterrânea"
"174135";"Nenhum Outro Uso";"Subterrânea"
"174136";"Nenhum Outro Uso";"Subterrânea"
"174137";"Nenhum Outro Uso";"Subterrânea"
"174138";"Nenhum Outro Uso";"Subterrânea"
"174139";"Nenhum Outro Uso";"Subterrânea"
"174140";"Nenhum Outro Uso";"Subterrânea"
"174141";"Nenhum Outro Uso";"Subterrânea"
"174142";"Nenhum Outro Uso";"Subterrânea"
"174143";"Pecuária";"Subterrânea"
"174144";"Nenhum Outro Uso";"Subterrânea"
"174145";"Nenhum Outro Uso";"Subterrânea"
"174146";"Nenhum Outro Uso";"Subterrânea"
"174147";"Nenhum Outro Uso";"Subterrânea"
"174148";"Nenhum Outro Uso";"Subterrânea"
"174149";"Pecuária";"Subterrânea"
"174150";"Nenhum Outro Uso";"Subterrânea"
"174151";"Nenhum Outro Uso";"Subterrânea"
"174152";"Nenhum Outro Uso";"Subterrânea"
"174153";"Consumo Humano";"Subterrânea"
"174154";"Consumo Humano";"Subterrânea"
"174155";"Consumo Humano";"Subterrânea"
"174156";"Pecuária";"Subterrânea"
"174157";"Nenhum Outro Uso";"Subterrânea"
"174158";"Nenhum Outro Uso";"Subterrânea"
"174159";"Pecuária";"Subterrânea"
"174160";"Nenhum Outro Uso";"Subterrânea"
"174161";"Nenhum Outro Uso";"Subterrânea"
"174162";"Nenhum Outro Uso";"Subterrânea"
"174163";"Nenhum Outro Uso";"Subterrânea"
"174164";"Nenhum Outro Uso";"Subterrânea"
"174165";"Pecuária";"Subterrânea"
"174166";"Nenhum Outro Uso";"Subterrânea"
"174167";"Nenhum Outro Uso";"Subterrânea"
"174168";"Nenhum Outro Uso";"Subterrânea"
"174169";"Nenhum Outro Uso";"Subterrânea"
"174170";"Nenhum Outro Uso";"Subterrânea"
"174171";"Nenhum Outro Uso";"Subterrânea"
"174172";"Nenhum Outro Uso";"Subterrânea"
"174173";"Nenhum Outro Uso";"Subterrânea"
"174174";"Nenhum Outro Uso";"Subterrânea"
"174175";"Nenhum Outro Uso";"Subterrânea"
"174176";"Nenhum Outro Uso";"Subterrânea"
"174177";"Nenhum Outro Uso";"Subterrânea"
"174178";"Nenhum Outro Uso";"Subterrânea"
"174179";"Nenhum Outro Uso";"Subterrânea"
"174180";"Consumo Humano";"Subterrânea"
"174181";"Consumo Humano";"Subterrânea"
"174182";"Consumo Humano";"Subterrânea"
"174183";"Consumo Humano/Pecuária";"Subterrânea"
"174184";"Consumo Humano";"Subterrânea"
"174185";"Consumo Humano";"Subterrânea"
"174186";"Nenhum Outro Uso";"Subterrânea"
"174187";"Nenhum Outro Uso";"Subterrânea"
"174188";"Pecuária";"Subterrânea"
"174189";"Consumo Humano";"Subterrânea"
"174190";"Consumo Humano/Pecuária";"Subterrânea"
"174191";"Consumo Humano/Pecuária";"Subterrânea"
"174192";"Consumo Humano/Pecuária";"Subterrânea"
"174193";"Consumo Humano";"Subterrânea"
"174194";"Consumo Humano";"Subterrânea"
"174195";"Consumo Humano";"Subterrânea"
"174196";"Consumo Humano";"Subterrânea"
"174197";"Consumo Humano";"Subterrânea"
"174198";"Nenhum Outro Uso";"Subterrânea"
"174199";"Nenhum Outro Uso";"Subterrânea"
"174200";"Consumo Humano";"Subterrânea"
"174201";"Nenhum Outro Uso";"Subterrânea"
"174202";"Consumo Humano/Pecuária";"Subterrânea"
"174203";"Consumo Humano";"Subterrânea"
"174204";"Pecuária";"Subterrânea"
"174205";"Nenhum Outro Uso";"Subterrânea"
"174206";"Nenhum Outro Uso";"Subterrânea"
"174207";"Nenhum Outro Uso";"Subterrânea"
"174208";"Nenhum Outro Uso";"Subterrânea"
"174209";"Pecuária";"Subterrânea"
"174210";"Nenhum Outro Uso";"Subterrânea"
"174211";"Nenhum Outro Uso";"Subterrânea"
"174212";"Nenhum Outro Uso";"Subterrânea"
"174213";"Nenhum Outro Uso";"Subterrânea"
"174214";"Nenhum Outro Uso";"Subterrânea"
"174215";"Pecuária";"Subterrânea"
"174216";"Consumo Humano/Pecuária";"Subterrânea"
"174217";"Consumo Humano";"Subterrânea"
"174218";"Pecuária";"Subterrânea"
"174219";"Consumo Humano";"Subterrânea"
"174220";"Pecuária";"Subterrânea"
"174221";"Nenhum Outro Uso";"Subterrânea"
"174222";"Nenhum Outro Uso";"Subterrânea"
"174223";"Nenhum Outro Uso";"Subterrânea"
"174224";"Nenhum Outro Uso";"Subterrânea"
"174225";"Nenhum Outro Uso";"Subterrânea"
"174226";"Nenhum Outro Uso";"Subterrânea"
"174227";"Nenhum Outro Uso";"Subterrânea"
"174228";"Pecuária";"Subterrânea"
"174229";"Pecuária";"Subterrânea"
"174230";"Pecuária";"Subterrânea"
"174231";"Pecuária";"Subterrânea"
"174232";"Nenhum Outro Uso";"Subterrânea"
"174233";"Nenhum Outro Uso";"Subterrânea"
"174234";"Nenhum Outro Uso";"Subterrânea"
"174235";"Nenhum Outro Uso";"Subterrânea"
"174236";"Nenhum Outro Uso";"Subterrânea"
"174237";"Nenhum Outro Uso";"Subterrânea"
"174238";"Nenhum Outro Uso";"Subterrânea"
"174239";"Nenhum Outro Uso";"Subterrânea"
"174240";"Nenhum Outro Uso";"Subterrânea"
"174241";"Nenhum Outro Uso";"Subterrânea"
"174242";"Nenhum Outro Uso";"Subterrânea"
"174243";"Consumo Humano";"Subterrânea"
"174244";"Pecuária";"Subterrânea"
"174245";"Nenhum Outro Uso";"Subterrânea"
"174246";"Nenhum Outro Uso";"Subterrânea"
"174247";"Nenhum Outro Uso";"Subterrânea"
"174248";"Nenhum Outro Uso";"Subterrânea"
"174249";"Nenhum Outro Uso";"Subterrânea"
"174250";"Nenhum Outro Uso";"Subterrânea"
"174251";"Nenhum Outro Uso";"Subterrânea"
"174252";"Nenhum Outro Uso";"Subterrânea"
"174253";"Nenhum Outro Uso";"Subterrânea"
"174254";"Consumo Humano";"Subterrânea"
"174255";"Nenhum Outro Uso";"Subterrânea"
"174256";"Nenhum Outro Uso";"Subterrânea"
"174257";"Nenhum Outro Uso";"Subterrânea"
"174258";"Nenhum Outro Uso";"Subterrânea"
"174259";"Nenhum Outro Uso";"Subterrânea"
"174260";"Nenhum Outro Uso";"Subterrânea"
"174261";"Nenhum Outro Uso";"Subterrânea"
"174262";"Nenhum Outro Uso";"Subterrânea"
"174263";"Nenhum Outro Uso";"Subterrânea"
"174264";"Consumo Humano";"Subterrânea"
"174265";"Consumo Humano";"Subterrânea"
"174266";"Nenhum Outro Uso";"Subterrânea"
"174267";"Nenhum Outro Uso";"Subterrânea"
"174268";"Nenhum Outro Uso";"Subterrânea"
"174269";"Nenhum Outro Uso";"Subterrânea"
"174270";"Nenhum Outro Uso";"Subterrânea"
"174271";"Consumo Humano";"Subterrânea"
"174272";"Nenhum Outro Uso";"Subterrânea"
"174273";"Nenhum Outro Uso";"Subterrânea"
"174274";"Pecuária";"Subterrânea"
"174275";"Pecuária";"Subterrânea"
"174276";"Pecuária";"Subterrânea"
"174277";"Pecuária";"Subterrânea"
"174278";"Pecuária";"Subterrânea"
"174279";"Pecuária";"Subterrânea"
"174280";"Consumo Humano/Pecuária";"Subterrânea"
"174281";"Pecuária";"Subterrânea"
"174282";"Pecuária";"Subterrânea"
"174283";"Nenhum Outro Uso";"Subterrânea"
"174284";"Nenhum Outro Uso";"Subterrânea"
"174285";"Nenhum Outro Uso";"Subterrânea"
"174286";"Pecuária";"Subterrânea"
"174287";"Consumo Humano/Pecuária";"Subterrânea"
"174288";"Consumo Humano/Pecuária";"Subterrânea"
"174289";"Consumo Humano/Pecuária";"Subterrânea"
"174290";"Pecuária";"Subterrânea"
"174291";"Nenhum Outro Uso";"Subterrânea"
"174292";"Nenhum Outro Uso";"Subterrânea"
"174293";"Consumo Humano";"Subterrânea"
"174294";"Consumo Humano";"Subterrânea"
"174295";"Consumo Humano/Pecuária";"Subterrânea"
"174296";"Consumo Humano/Pecuária";"Subterrânea"
"174297";"Nenhum Outro Uso";"Subterrânea"
"174298";"Consumo Humano/Nenhum Outro Uso";"Subterrânea"
"174299";"Nenhum Outro Uso";"Subterrânea"
"174300";"Nenhum Outro Uso";"Subterrânea"
"174301";"Consumo Humano";"Subterrânea"
"174302";"Nenhum Outro Uso";"Subterrânea"
"174303";"Nenhum Outro Uso";"Subterrânea"
"174304";"Nenhum Outro Uso";"Subterrânea"
"174305";"Nenhum Outro Uso";"Subterrânea"
"174306";"Nenhum Outro Uso";"Subterrânea"
"174307";"Nenhum Outro Uso";"Subterrânea"
"174308";"Nenhum Outro Uso";"Subterrânea"
"174309";"Nenhum Outro Uso";"Subterrânea"
"174310";"Nenhum Outro Uso";"Subterrânea"
"174311";"Nenhum Outro Uso";"Subterrânea"
"174312";"Nenhum Outro Uso";"Subterrânea"
"174313";"Pecuária";"Subterrânea"
"174314";"Nenhum Outro Uso";"Subterrânea"
"174315";"Nenhum Outro Uso";"Subterrânea"
"174316";"Nenhum Outro Uso";"Subterrânea"
"174317";"Nenhum Outro Uso";"Subterrânea"
"174318";"Nenhum Outro Uso";"Subterrânea"
"174319";"Nenhum Outro Uso";"Subterrânea"
"174320";"Nenhum Outro Uso";"Subterrânea"
"174321";"Nenhum Outro Uso";"Subterrânea"
"174322";"Nenhum Outro Uso";"Subterrânea"
"174323";"Consumo Humano";"Subterrânea"
"174324";"Consumo Humano";"Subterrânea"
"174325";"Consumo Humano";"Subterrânea"
"174326";"Consumo Humano";"Subterrânea"
"174327";"Consumo Humano";"Subterrânea"
"174328";"Consumo Humano";"Subterrânea"
"174329";"Consumo Humano";"Subterrânea"
"174330";"Consumo Humano";"Subterrânea"
"174331";"Consumo Humano";"Subterrânea"
"174332";"Consumo Humano";"Subterrânea"
"174333";"Consumo Humano";"Subterrânea"
"174334";"Consumo Humano";"Subterrânea"
"174335";"Consumo Humano";"Subterrânea"
"174336";"Consumo Humano";"Subterrânea"
"174337";"Consumo Humano";"Subterrânea"
"174338";"Nenhum Outro Uso";"Subterrânea"
"174339";"Consumo Humano";"Subterrânea"
"174340";"Consumo Humano";"Subterrânea"
"174341";"Consumo Humano";"Subterrânea"
"174342";"Consumo Humano";"Subterrânea"
"174343";"Consumo Humano";"Subterrânea"
"174344";"Consumo Humano";"Subterrânea"
"174345";"Consumo Humano";"Subterrânea"
"174346";"Consumo Humano";"Subterrânea"
"174347";"Consumo Humano";"Subterrânea"
